Book,Chapter,# of words/chapter,Approx. reading time
Genesis,1,797,3 m
Genesis,2,632,3 m
Genesis,3,695,3 m
Genesis,4,632,3 m
Genesis,5,504,2 m
Genesis,6,579,2 m
Genesis,7,584,2 m
Genesis,8,586,2 m
Genesis,9,658,3 m
Genesis,10,495,2 m
Genesis,11,606,2 m
Genesis,12,536,2 m
Genesis,13,457,2 m
Genesis,14,606,2 m
Genesis,15,471,2 m
Genesis,16,412,2 m
Genesis,17,679,3 m
Genesis,18,867,3 m
Genesis,19,1108,4 m
Genesis,20,498,2 m
Genesis,21,774,3 m
Genesis,22,629,3 m
Genesis,23,539,2 m
Genesis,24,1816,7 m
Genesis,25,706,3 m
Genesis,26,889,4 m
Genesis,27,1262,5 m
Genesis,28,621,2 m
Genesis,29,830,3 m
Genesis,30,1022,4 m
Genesis,31,1417,6 m
Genesis,32,794,3 m
Genesis,33,508,2 m
Genesis,34,790,3 m
Genesis,35,664,3 m
Genesis,36,845,3 m
Genesis,37,942,4 m
Genesis,38,819,3 m
Genesis,39,666,3 m
Genesis,40,580,2 m
Genesis,41,1404,6 m
Genesis,42,977,4 m
Genesis,43,938,4 m
Genesis,44,874,4 m
Genesis,45,731,3 m
Genesis,46,766,3 m
Genesis,47,965,4 m
Genesis,48,639,3 m
Genesis,49,766,3 m
Genesis,50,687,3 m
Exodus,1,457,2 m
Exodus,2,657,3 m
Exodus,3,791,3 m
Exodus,4,891,4 m
Exodus,5,594,2 m
Exodus,6,753,3 m
Exodus,7,692,3 m
Exodus,8,936,4 m
Exodus,9,982,4 m
Exodus,10,899,4 m
Exodus,11,324,1 m
Exodus,12,1493,6 m
Exodus,13,675,3 m
Exodus,14,931,4 m
Exodus,15,713,3 m
Exodus,16,1062,4 m
Exodus,17,465,2 m
Exodus,18,760,3 m
Exodus,19,702,3 m
Exodus,20,561,2 m
Exodus,21,893,4 m
Exodus,22,790,3 m
Exodus,23,827,3 m
Exodus,24,492,2 m
Exodus,25,926,4 m
Exodus,26,937,4 m
Exodus,27,558,2 m
Exodus,28,1235,5 m
Exodus,29,1341,5 m
Exodus,30,970,4 m
Exodus,31,438,2 m
Exodus,32,1093,4 m
Exodus,33,710,3 m
Exodus,34,1004,4 m
Exodus,35,820,3 m
Exodus,36,892,4 m
Exodus,37,738,3 m
Exodus,38,801,3 m
Exodus,39,1030,4 m
Exodus,40,821,3 m
Leviticus,1,525,2 m
Leviticus,2,486,2 m
Leviticus,3,511,2 m
Leviticus,4,1157,5 m
Leviticus,5,723,3 m
Leviticus,6,892,4 m
Leviticus,7,1056,4 m
Leviticus,8,988,4 m
Leviticus,9,624,3 m
Leviticus,10,628,3 m
Leviticus,11,1115,4 m
Leviticus,12,262,1 m
Leviticus,13,1857,7 m
Leviticus,14,1713,7 m
Leviticus,15,919,4 m
Leviticus,16,1157,5 m
Leviticus,17,553,2 m
Leviticus,18,667,3 m
Leviticus,19,898,4 m
Leviticus,20,836,3 m
Leviticus,21,587,2 m
Leviticus,22,879,4 m
Leviticus,23,1222,5 m
Leviticus,24,551,2 m
Leviticus,25,1532,6 m
Leviticus,26,1247,5 m
Leviticus,27,956,4 m
Numbers,1,1333,5 m
Numbers,2,791,3 m
Numbers,3,1291,5 m
Numbers,4,1416,6 m
Numbers,5,898,4 m
Numbers,6,742,3 m
Numbers,7,1939,8 m
Numbers,8,656,3 m
Numbers,9,722,3 m
Numbers,10,891,4 m
Numbers,11,1056,4 m
Numbers,12,384,2 m
Numbers,13,741,3 m
Numbers,14,1181,5 m
Numbers,15,1068,4 m
Numbers,16,1341,5 m
Numbers,17,335,1 m
Numbers,18,1112,4 m
Numbers,19,683,3 m
Numbers,20,792,3 m
Numbers,21,931,4 m
Numbers,22,1201,5 m
Numbers,23,743,3 m
Numbers,24,659,3 m
Numbers,25,445,2 m
Numbers,26,1446,6 m
Numbers,27,610,2 m
Numbers,28,779,3 m
Numbers,29,954,4 m
Numbers,30,503,2 m
Numbers,31,1208,5 m
Numbers,32,1009,4 m
Numbers,33,928,4 m
Numbers,34,630,3 m
Numbers,35,965,4 m
Numbers,36,445,2 m
Deuteronomy,1,1262,5 m
Deuteronomy,2,1021,4 m
Deuteronomy,3,815,3 m
Deuteronomy,4,1503,6 m
Deuteronomy,5,921,4 m
Deuteronomy,6,643,3 m
Deuteronomy,7,843,3 m
Deuteronomy,8,566,2 m
Deuteronomy,9,963,4 m
Deuteronomy,10,604,2 m
Deuteronomy,11,950,4 m
Deuteronomy,12,1055,4 m
Deuteronomy,13,627,3 m
Deuteronomy,14,708,3 m
Deuteronomy,15,707,3 m
Deuteronomy,16,710,3 m
Deuteronomy,17,707,3 m
Deuteronomy,18,611,2 m
Deuteronomy,19,608,2 m
Deuteronomy,20,646,3 m
Deuteronomy,21,731,3 m
Deuteronomy,22,894,4 m
Deuteronomy,23,685,3 m
Deuteronomy,24,681,3 m
Deuteronomy,25,562,2 m
Deuteronomy,26,667,3 m
Deuteronomy,27,599,2 m
Deuteronomy,28,2075,8 m
Deuteronomy,29,851,3 m
Deuteronomy,30,665,3 m
Deuteronomy,31,1041,4 m
Deuteronomy,32,1306,5 m
Deuteronomy,33,805,3 m
Deuteronomy,34,320,1 m
Joshua,1,573,2 m
Joshua,2,768,3 m
Joshua,3,566,2 m
Joshua,4,707,3 m
Joshua,5,550,2 m
Joshua,6,904,4 m
Joshua,7,927,4 m
Joshua,8,1221,5 m
Joshua,9,800,3 m
Joshua,10,1393,6 m
Joshua,11,717,3 m
Joshua,12,486,2 m
Joshua,13,825,3 m
Joshua,14,485,2 m
Joshua,15,1032,4 m
Joshua,16,228,1 m
Joshua,17,660,3 m
Joshua,18,770,3 m
Joshua,19,887,4 m
Joshua,20,308,1 m
Joshua,21,1026,4 m
Joshua,22,1321,5 m
Joshua,23,574,2 m
Joshua,24,1044,4 m
Judges,1,962,4 m
Judges,2,692,3 m
Judges,3,842,3 m
Judges,4,761,3 m
Judges,5,755,3 m
Judges,6,1295,5 m
Judges,7,952,4 m
Judges,8,987,4 m
Judges,9,1667,7 m
Judges,10,473,2 m
Judges,11,1235,5 m
Judges,12,399,2 m
Judges,13,765,3 m
Judges,14,706,3 m
Judges,15,648,3 m
Judges,16,1110,4 m
Judges,17,385,2 m
Judges,18,1035,4 m
Judges,19,1102,4 m
Judges,20,1455,6 m
Judges,21,740,3 m
Ruth,1,649,3 m
Ruth,2,763,3 m
Ruth,3,541,2 m
Ruth,4,621,2 m
1 Samuel,1,782,3 m
1 Samuel,2,1104,4 m
1 Samuel,3,549,2 m
1 Samuel,4,733,3 m
1 Samuel,5,439,2 m
1 Samuel,6,752,3 m
1 Samuel,7,510,2 m
1 Samuel,8,541,2 m
1 Samuel,9,990,4 m
1 Samuel,10,863,3 m
1 Samuel,11,503,2 m
1 Samuel,12,771,3 m
1 Samuel,13,697,3 m
1 Samuel,14,1606,6 m
1 Samuel,15,981,4 m
1 Samuel,16,680,3 m
1 Samuel,17,1719,7 m
1 Samuel,18,845,3 m
1 Samuel,19,696,3 m
1 Samuel,20,1289,5 m
1 Samuel,21,499,2 m
1 Samuel,22,761,3 m
1 Samuel,23,831,3 m
1 Samuel,24,661,3 m
1 Samuel,25,1452,6 m
1 Samuel,26,849,3 m
1 Samuel,27,385,2 m
1 Samuel,28,835,3 m
1 Samuel,29,421,2 m
1 Samuel,30,956,4 m
1 Samuel,31,348,1 m
2 Samuel,1,712,3 m
2 Samuel,2,911,4 m
2 Samuel,3,1143,5 m
2 Samuel,4,434,2 m
2 Samuel,5,624,3 m
2 Samuel,6,713,3 m
2 Samuel,7,858,3 m
2 Samuel,8,447,2 m
2 Samuel,9,408,2 m
2 Samuel,10,608,2 m
2 Samuel,11,814,3 m
2 Samuel,12,992,4 m
2 Samuel,13,1149,5 m
2 Samuel,14,1117,4 m
2 Samuel,15,1118,4 m
2 Samuel,16,738,3 m
2 Samuel,17,935,4 m
2 Samuel,18,1096,4 m
2 Samuel,19,1407,6 m
2 Samuel,20,848,3 m
2 Samuel,21,778,3 m
2 Samuel,22,951,4 m
2 Samuel,23,878,4 m
2 Samuel,24,855,3 m
1 Kings,1,1500,6 m
1 Kings,2,1510,6 m
1 Kings,3,850,3 m
1 Kings,4,706,3 m
1 Kings,5,527,2 m
1 Kings,6,1018,4 m
1 Kings,7,1482,6 m
1 Kings,8,2139,9 m
1 Kings,9,826,3 m
1 Kings,10,839,3 m
1 Kings,11,1253,5 m
1 Kings,12,1038,4 m
1 Kings,13,1138,5 m
1 Kings,14,987,4 m
1 Kings,15,951,4 m
1 Kings,16,1035,4 m
1 Kings,17,680,3 m
1 Kings,18,1397,6 m
1 Kings,19,732,3 m
1 Kings,20,1480,6 m
1 Kings,21,908,4 m
1 Kings,22,1517,6 m
2 Kings,1,669,3 m
2 Kings,2,848,3 m
2 Kings,3,848,3 m
2 Kings,4,1369,5 m
2 Kings,5,975,4 m
2 Kings,6,1019,4 m
2 Kings,7,824,3 m
2 Kings,8,953,4 m
2 Kings,9,1205,5 m
2 Kings,10,1203,5 m
2 Kings,11,728,3 m
2 Kings,12,688,3 m
2 Kings,13,775,3 m
2 Kings,14,861,3 m
2 Kings,15,1065,4 m
2 Kings,16,656,3 m
2 Kings,17,1245,5 m
2 Kings,18,1220,5 m
2 Kings,19,1147,5 m
2 Kings,20,660,3 m
2 Kings,21,747,3 m
2 Kings,22,712,3 m
2 Kings,23,1477,6 m
2 Kings,24,552,2 m
2 Kings,25,958,4 m
1 Chronicles,1,683,3 m
1 Chronicles,2,846,3 m
1 Chronicles,3,327,1 m
1 Chronicles,4,852,3 m
1 Chronicles,5,664,3 m
1 Chronicles,6,1331,5 m
1 Chronicles,7,831,3 m
1 Chronicles,8,461,2 m
1 Chronicles,9,935,4 m
1 Chronicles,10,344,1 m
1 Chronicles,11,944,4 m
1 Chronicles,12,987,4 m
1 Chronicles,13,386,2 m
1 Chronicles,14,357,1 m
1 Chronicles,15,714,3 m
1 Chronicles,16,850,3 m
1 Chronicles,17,779,3 m
1 Chronicles,18,376,2 m
1 Chronicles,19,630,3 m
1 Chronicles,20,289,1 m
1 Chronicles,21,914,4 m
1 Chronicles,22,605,2 m
1 Chronicles,23,681,3 m
1 Chronicles,24,541,2 m
1 Chronicles,25,529,2 m
1 Chronicles,26,710,3 m
1 Chronicles,27,785,3 m
1 Chronicles,28,864,3 m
1 Chronicles,29,988,4 m
2 Chronicles,1,530,2 m
2 Chronicles,2,645,3 m
2 Chronicles,3,441,2 m
2 Chronicles,4,595,2 m
2 Chronicles,5,497,2 m
2 Chronicles,6,1402,6 m
2 Chronicles,7,748,3 m
2 Chronicles,8,491,2 m
2 Chronicles,9,882,4 m
2 Chronicles,10,560,2 m
2 Chronicles,11,486,2 m
2 Chronicles,12,481,2 m
2 Chronicles,13,642,3 m
2 Chronicles,14,448,2 m
2 Chronicles,15,518,2 m
2 Chronicles,16,479,2 m
2 Chronicles,17,441,2 m
2 Chronicles,18,1050,4 m
2 Chronicles,19,352,1 m
2 Chronicles,20,1148,5 m
2 Chronicles,21,623,3 m
2 Chronicles,22,444,2 m
2 Chronicles,23,766,3 m
2 Chronicles,24,891,4 m
2 Chronicles,25,953,4 m
2 Chronicles,26,721,3 m
2 Chronicles,27,221,1 m
2 Chronicles,28,859,3 m
2 Chronicles,29,1157,5 m
2 Chronicles,30,869,3 m
2 Chronicles,31,757,3 m
2 Chronicles,32,1084,4 m
2 Chronicles,33,751,3 m
2 Chronicles,34,1223,5 m
2 Chronicles,35,880,4 m
2 Chronicles,36,741,3 m
Ezra,1,371,1 m
Ezra,2,998,4 m
Ezra,3,547,2 m
Ezra,4,769,3 m
Ezra,5,583,2 m
Ezra,6,778,3 m
Ezra,7,863,3 m
Ezra,8,990,4 m
Ezra,9,617,2 m
Ezra,10,924,4 m
Nehemiah,1,390,2 m
Nehemiah,2,718,3 m
Nehemiah,3,896,4 m
Nehemiah,4,716,3 m
Nehemiah,5,636,3 m
Nehemiah,6,602,2 m
Nehemiah,7,1135,5 m
Nehemiah,8,686,3 m
Nehemiah,9,1328,5 m
Nehemiah,10,652,3 m
Nehemiah,11,788,3 m
Nehemiah,12,885,4 m
Nehemiah,13,962,4 m
Esther,1,716,3 m
Esther,2,806,3 m
Esther,3,552,2 m
Esther,4,517,2 m
Esther,5,494,2 m
Esther,6,476,2 m
Esther,7,345,1 m
Esther,8,650,3 m
Esther,9,984,4 m
Esther,10,93,0 m
Job,1,641,3 m
Job,2,387,2 m
Job,3,434,2 m
Job,4,336,1 m
Job,5,446,2 m
Job,6,482,2 m
Job,7,394,2 m
Job,8,340,1 m
Job,9,544,2 m
Job,10,402,2 m
Job,11,337,1 m
Job,12,399,2 m
Job,13,413,2 m
Job,14,410,2 m
Job,15,549,2 m
Job,16,375,2 m
Job,17,262,1 m
Job,18,323,1 m
Job,19,475,2 m
Job,20,521,2 m
Job,21,522,2 m
Job,22,482,2 m
Job,23,280,1 m
Job,24,481,2 m
Job,25,90,0 m
Job,26,206,1 m
Job,27,373,2 m
Job,28,455,2 m
Job,29,404,2 m
Job,30,514,2 m
Job,31,691,3 m
Job,32,375,2 m
Job,33,525,2 m
Job,34,615,2 m
Job,35,254,1 m
Job,36,495,2 m
Job,37,402,2 m
Job,38,659,3 m
Job,39,477,2 m
Job,40,361,1 m
Job,41,507,2 m
Job,42,441,2 m
Psalms,1,130,1 m
Psalms,2,206,1 m
Psalms,3,150,1 m
Psalms,4,175,1 m
Psalms,5,255,1 m
Psalms,6,171,1 m
Psalms,7,343,1 m
Psalms,8,176,1 m
Psalms,9,377,2 m
Psalms,10,350,1 m
Psalms,11,136,1 m
Psalms,12,157,1 m
Psalms,13,115,0 m
Psalms,14,157,1 m
Psalms,15,103,0 m
Psalms,16,209,1 m
Psalms,17,315,1 m
Psalms,18,965,4 m
Psalms,19,280,1 m
Psalms,20,152,1 m
Psalms,21,254,1 m
Psalms,22,591,2 m
Psalms,23,122,0 m
Psalms,24,182,1 m
Psalms,25,346,1 m
Psalms,26,187,1 m
Psalms,27,344,1 m
Psalms,28,205,1 m
Psalms,29,183,1 m
Psalms,30,243,1 m
Psalms,31,506,2 m
Psalms,32,246,1 m
Psalms,33,350,1 m
Psalms,34,365,1 m
Psalms,35,568,2 m
Psalms,36,236,1 m
Psalms,37,706,3 m
Psalms,38,369,1 m
Psalms,39,281,1 m
Psalms,40,408,2 m
Psalms,41,248,1 m
Psalms,42,290,1 m
Psalms,43,130,1 m
Psalms,44,461,2 m
Psalms,45,343,1 m
Psalms,46,217,1 m
Psalms,47,154,1 m
Psalms,48,238,1 m
Psalms,49,348,1 m
Psalms,50,404,2 m
Psalms,51,344,1 m
Psalms,52,194,1 m
Psalms,53,163,1 m
Psalms,54,136,1 m
Psalms,55,446,2 m
Psalms,56,241,1 m
Psalms,57,246,1 m
Psalms,58,226,1 m
Psalms,59,358,1 m
Psalms,60,244,1 m
Psalms,61,143,1 m
Psalms,62,238,1 m
Psalms,63,206,1 m
Psalms,64,192,1 m
Psalms,65,277,1 m
Psalms,66,335,1 m
Psalms,67,121,0 m
Psalms,68,708,3 m
Psalms,69,680,3 m
Psalms,70,114,0 m
Psalms,71,471,2 m
Psalms,72,373,2 m
Psalms,73,427,2 m
Psalms,74,416,2 m
Psalms,75,200,1 m
Psalms,76,205,1 m
Psalms,77,340,1 m
Psalms,78,1228,5 m
Psalms,79,281,1 m
Psalms,80,344,1 m
Psalms,81,298,1 m
Psalms,82,120,0 m
Psalms,83,279,1 m
Psalms,84,239,1 m
Psalms,85,218,1 m
Psalms,86,316,1 m
Psalms,87,122,0 m
Psalms,88,317,1 m
Psalms,89,884,4 m
Psalms,90,328,1 m
Psalms,91,288,1 m
Psalms,92,266,1 m
Psalms,93,92,0 m
Psalms,94,356,1 m
Psalms,95,199,1 m
Psalms,96,226,1 m
Psalms,97,189,1 m
Psalms,98,172,1 m
Psalms,99,157,1 m
Psalms,100,90,0 m
Psalms,101,177,1 m
Psalms,102,472,2 m
Psalms,103,346,1 m
Psalms,104,598,2 m
Psalms,105,632,3 m
Psalms,106,762,3 m
Psalms,107,685,3 m
Psalms,108,212,1 m
Psalms,109,542,2 m
Psalms,110,146,1 m
Psalms,111,177,1 m
Psalms,112,172,1 m
Psalms,113,142,1 m
Psalms,114,106,0 m
Psalms,115,274,1 m
Psalms,116,287,1 m
Psalms,117,33,0 m
Psalms,118,465,2 m
Psalms,119,2445,10 m
Psalms,120,92,0 m
Psalms,121,114,0 m
Psalms,122,130,1 m
Psalms,123,98,0 m
Psalms,124,127,1 m
Psalms,125,112,0 m
Psalms,126,98,0 m
Psalms,127,116,0 m
Psalms,128,94,0 m
Psalms,129,99,0 m
Psalms,130,111,0 m
Psalms,131,55,0 m
Psalms,132,266,1 m
Psalms,133,48,0 m
Psalms,134,36,0 m
Psalms,135,314,1 m
Psalms,136,339,1 m
Psalms,137,151,1 m
Psalms,138,153,1 m
Psalms,139,401,2 m
Psalms,140,231,1 m
Psalms,141,194,1 m
Psalms,142,137,1 m
Psalms,143,235,1 m
Psalms,144,286,1 m
Psalms,145,314,1 m
Psalms,146,160,1 m
Psalms,147,277,1 m
Psalms,148,173,1 m
Psalms,149,126,1 m
Psalms,150,72,0 m
Proverbs,1,519,2 m
Proverbs,2,309,1 m
Proverbs,3,541,2 m
Proverbs,4,418,2 m
Proverbs,5,354,1 m
Proverbs,6,546,2 m
Proverbs,7,411,2 m
Proverbs,8,562,2 m
Proverbs,9,288,1 m
Proverbs,10,527,2 m
Proverbs,11,524,2 m
Proverbs,12,476,2 m
Proverbs,13,400,2 m
Proverbs,14,572,2 m
Proverbs,15,544,2 m
Proverbs,16,543,2 m
Proverbs,17,476,2 m
Proverbs,18,381,2 m
Proverbs,19,506,2 m
Proverbs,20,498,2 m
Proverbs,21,501,2 m
Proverbs,22,495,2 m
Proverbs,23,566,2 m
Proverbs,24,580,2 m
Proverbs,25,522,2 m
Proverbs,26,459,2 m
Proverbs,27,460,2 m
Proverbs,28,528,2 m
Proverbs,29,425,2 m
Proverbs,30,640,3 m
Proverbs,31,467,2 m
Ecclesiastes,1,380,2 m
Ecclesiastes,2,734,3 m
Ecclesiastes,3,517,2 m
Ecclesiastes,4,380,2 m
Ecclesiastes,5,533,2 m
Ecclesiastes,6,301,1 m
Ecclesiastes,7,617,2 m
Ecclesiastes,8,515,2 m
Ecclesiastes,9,555,2 m
Ecclesiastes,10,402,2 m
Ecclesiastes,11,273,1 m
Ecclesiastes,12,372,1 m
The Song of Solomon,1,2185,9 m
The Song of Solomon,2,2186,9 m
The Song of Solomon,3,2186,9 m
The Song of Solomon,4,2185,9 m
The Song of Solomon,5,2186,9 m
The Song of Solomon,6,2185,9 m
The Song of Solomon,7,2184,9 m
The Song of Solomon,8,2184,9 m
Isaiah,1,758,3 m
Isaiah,2,567,2 m
Isaiah,3,587,2 m
Isaiah,4,209,1 m
Isaiah,5,863,3 m
Isaiah,6,366,1 m
Isaiah,7,693,3 m
Isaiah,8,558,2 m
Isaiah,9,599,2 m
Isaiah,10,928,4 m
Isaiah,11,519,2 m
Isaiah,12,134,1 m
Isaiah,13,576,2 m
Isaiah,14,856,3 m
Isaiah,15,266,1 m
Isaiah,16,415,2 m
Isaiah,17,428,2 m
Isaiah,18,255,1 m
Isaiah,19,730,3 m
Isaiah,20,169,1 m
Isaiah,21,417,2 m
Isaiah,22,633,3 m
Isaiah,23,469,2 m
Isaiah,24,592,2 m
Isaiah,25,381,2 m
Isaiah,26,550,2 m
Isaiah,27,405,2 m
Isaiah,28,814,3 m
Isaiah,29,742,3 m
Isaiah,30,1059,4 m
Isaiah,31,322,1 m
Isaiah,32,436,2 m
Isaiah,33,585,2 m
Isaiah,34,522,2 m
Isaiah,35,277,1 m
Isaiah,36,653,3 m
Isaiah,37,1131,5 m
Isaiah,38,592,2 m
Isaiah,39,268,1 m
Isaiah,40,796,3 m
Isaiah,41,804,3 m
Isaiah,42,676,3 m
Isaiah,43,711,3 m
Isaiah,44,886,4 m
Isaiah,45,774,3 m
Isaiah,46,342,1 m
Isaiah,47,471,2 m
Isaiah,48,627,3 m
Isaiah,49,867,3 m
Isaiah,50,365,1 m
Isaiah,51,771,3 m
Isaiah,52,405,2 m
Isaiah,53,387,2 m
Isaiah,54,493,2 m
Isaiah,55,399,2 m
Isaiah,56,361,1 m
Isaiah,57,569,2 m
Isaiah,58,521,2 m
Isaiah,59,590,2 m
Isaiah,60,665,3 m
Isaiah,61,380,2 m
Isaiah,62,362,1 m
Isaiah,63,538,2 m
Isaiah,64,308,1 m
Isaiah,65,753,3 m
Isaiah,66,811,3 m
Jeremiah,1,528,2 m
Jeremiah,2,1019,4 m
Jeremiah,3,802,3 m
Jeremiah,4,861,3 m
Jeremiah,5,874,4 m
Jeremiah,6,827,3 m
Jeremiah,7,970,4 m
Jeremiah,8,706,3 m
Jeremiah,9,772,3 m
Jeremiah,10,674,3 m
Jeremiah,11,749,3 m
Jeremiah,12,544,2 m
Jeremiah,13,739,3 m
Jeremiah,14,688,3 m
Jeremiah,15,702,3 m
Jeremiah,16,699,3 m
Jeremiah,17,829,3 m
Jeremiah,18,659,3 m
Jeremiah,19,541,2 m
Jeremiah,20,594,2 m
Jeremiah,21,498,2 m
Jeremiah,22,837,3 m
Jeremiah,23,1186,5 m
Jeremiah,24,361,1 m
Jeremiah,25,1138,5 m
Jeremiah,26,800,3 m
Jeremiah,27,729,3 m
Jeremiah,28,528,2 m
Jeremiah,29,1005,4 m
Jeremiah,30,717,3 m
Jeremiah,31,1294,5 m
Jeremiah,32,1432,6 m
Jeremiah,33,842,3 m
Jeremiah,34,782,3 m
Jeremiah,35,657,3 m
Jeremiah,36,1110,4 m
Jeremiah,37,611,2 m
Jeremiah,38,984,4 m
Jeremiah,39,545,2 m
Jeremiah,40,681,3 m
Jeremiah,41,664,3 m
Jeremiah,42,774,3 m
Jeremiah,43,460,2 m
Jeremiah,44,1228,5 m
Jeremiah,45,152,1 m
Jeremiah,46,821,3 m
Jeremiah,47,215,1 m
Jeremiah,48,1172,5 m
Jeremiah,49,1180,5 m
Jeremiah,50,1460,6 m
Jeremiah,51,1853,7 m
Jeremiah,52,1074,4 m
Lamentations,1,758,3 m
Lamentations,2,883,4 m
Lamentations,3,876,4 m
Lamentations,4,598,2 m
Lamentations,5,296,1 m
Ezekiel,1,870,3 m
Ezekiel,2,273,1 m
Ezekiel,3,809,3 m
Ezekiel,4,519,2 m
Ezekiel,5,628,3 m
Ezekiel,6,470,2 m
Ezekiel,7,768,3 m
Ezekiel,8,655,3 m
Ezekiel,9,400,2 m
Ezekiel,10,659,3 m
Ezekiel,11,721,3 m
Ezekiel,12,799,3 m
Ezekiel,13,738,3 m
Ezekiel,14,746,3 m
Ezekiel,15,205,1 m
Ezekiel,16,1820,7 m
Ezekiel,17,773,3 m
Ezekiel,18,919,4 m
Ezekiel,19,317,1 m
Ezekiel,20,1601,6 m
Ezekiel,21,945,4 m
Ezekiel,22,840,3 m
Ezekiel,23,1322,5 m
Ezekiel,24,774,3 m
Ezekiel,25,507,2 m
Ezekiel,26,727,3 m
Ezekiel,27,907,4 m
Ezekiel,28,809,3 m
Ezekiel,29,714,3 m
Ezekiel,30,760,3 m
Ezekiel,31,680,3 m
Ezekiel,32,1036,4 m
Ezekiel,33,1071,4 m
Ezekiel,34,958,4 m
Ezekiel,35,402,2 m
Ezekiel,36,1180,5 m
Ezekiel,37,870,3 m
Ezekiel,38,776,3 m
Ezekiel,39,928,4 m
Ezekiel,40,1530,6 m
Ezekiel,41,768,3 m
Ezekiel,42,536,2 m
Ezekiel,43,907,4 m
Ezekiel,44,1031,4 m
Ezekiel,45,882,4 m
Ezekiel,46,854,3 m
Ezekiel,47,780,3 m
Ezekiel,48,1023,4 m
Daniel,1,589,2 m
Daniel,2,1500,6 m
Daniel,3,992,4 m
Daniel,4,1290,5 m
Daniel,5,995,4 m
Daniel,6,905,4 m
Daniel,7,926,4 m
Daniel,8,852,3 m
Daniel,9,966,4 m
Daniel,10,647,3 m
Daniel,11,1529,6 m
Daniel,12,411,2 m
Hosea,1,355,1 m
Hosea,2,678,3 m
Hosea,3,156,1 m
Hosea,4,465,2 m
Hosea,5,368,1 m
Hosea,6,254,1 m
Hosea,7,398,2 m
Hosea,8,330,1 m
Hosea,9,447,2 m
Hosea,10,425,2 m
Hosea,11,308,1 m
Hosea,12,311,1 m
Hosea,13,426,2 m
Hosea,14,232,1 m
Joel,1,508,2 m
Joel,2,958,4 m
Joel,3,567,2 m
Amos,1,455,2 m
Amos,2,441,2 m
Amos,3,397,2 m
Amos,4,432,2 m
Amos,5,658,3 m
Amos,6,399,2 m
Amos,7,471,2 m
Amos,8,414,2 m
Amos,9,549,2 m
Obadiah,1,669,3 m
Jonah,1,514,2 m
Jonah,2,214,1 m
Jonah,3,260,1 m
Jonah,4,332,1 m
Micah,1,452,2 m
Micah,2,400,2 m
Micah,3,354,1 m
Micah,4,476,2 m
Micah,5,447,2 m
Micah,6,440,2 m
Micah,7,583,2 m
Nahum,1,394,2 m
Nahum,2,371,1 m
Nahum,3,519,2 m
Habakkuk,1,423,2 m
Habakkuk,2,563,2 m
Habakkuk,3,489,2 m
Zephaniah,1,555,2 m
Zephaniah,2,463,2 m
Zephaniah,3,598,2 m
Haggai,1,451,2 m
Haggai,2,679,3 m
Zechariah,1,622,2 m
Zechariah,2,317,1 m
Zechariah,3,296,1 m
Zechariah,4,365,1 m
Zechariah,5,338,1 m
Zechariah,6,424,2 m
Zechariah,7,378,2 m
Zechariah,8,703,3 m
Zechariah,9,537,2 m
Zechariah,10,408,2 m
Zechariah,11,502,2 m
Zechariah,12,462,2 m
Zechariah,13,337,1 m
Zechariah,14,754,3 m
Malachi,1,487,2 m
Malachi,2,546,2 m
Malachi,3,565,2 m
Malachi,4,183,1 m
Matthew,1,473,2 m
Matthew,2,619,2 m
Matthew,3,387,2 m
Matthew,4,557,2 m
Matthew,5,1081,4 m
Matthew,6,794,3 m
Matthew,7,626,3 m
Matthew,8,773,3 m
Matthew,9,837,3 m
Matthew,10,919,4 m
Matthew,11,668,3 m
Matthew,12,1168,5 m
Matthew,13,1367,5 m
Matthew,14,721,3 m
Matthew,15,785,3 m
Matthew,16,688,3 m
Matthew,17,620,2 m
Matthew,18,869,3 m
Matthew,19,719,3 m
Matthew,20,779,3 m
Matthew,21,1126,5 m
Matthew,22,828,3 m
Matthew,23,833,3 m
Matthew,24,1047,4 m
Matthew,25,995,4 m
Matthew,26,1625,7 m
Matthew,27,1359,5 m
Matthew,28,421,2 m
Mark,1,930,4 m
Mark,2,724,3 m
Mark,3,663,3 m
Mark,4,923,4 m
Mark,5,952,4 m
Mark,6,1323,5 m
Mark,7,806,3 m
Mark,8,842,3 m
Mark,9,1164,5 m
Mark,10,1218,5 m
Mark,11,778,3 m
Mark,12,1058,4 m
Mark,13,828,3 m
Mark,14,1595,6 m
Mark,15,913,4 m
Mark,16,449,2 m
Luke,1,1583,6 m
Luke,2,1094,4 m
Luke,3,1017,4 m
Luke,4,1021,4 m
Luke,5,949,4 m
Luke,6,1229,5 m
Luke,7,1209,5 m
Luke,8,1431,6 m
Luke,9,1457,6 m
Luke,10,992,4 m
Luke,11,1331,5 m
Luke,12,1407,6 m
Luke,13,864,3 m
Luke,14,812,3 m
Luke,15,725,3 m
Luke,16,752,3 m
Luke,17,809,3 m
Luke,18,868,3 m
Luke,19,1047,4 m
Luke,20,954,4 m
Luke,21,820,3 m
Luke,22,1396,6 m
Luke,23,1117,4 m
Luke,24,1055,4 m
John,1,1004,4 m
John,2,510,2 m
John,3,763,3 m
John,4,1094,4 m
John,5,1001,4 m
John,6,1506,6 m
John,7,1002,4 m
John,8,1307,5 m
John,9,876,4 m
John,10,820,3 m
John,11,1157,5 m
John,12,1060,4 m
John,13,826,3 m
John,14,731,3 m
John,15,613,2 m
John,16,789,3 m
John,17,636,3 m
John,18,947,4 m
John,19,1010,4 m
John,20,749,3 m
John,21,693,3 m
Acts,1,661,3 m
Acts,2,1021,4 m
Acts,3,634,3 m
Acts,4,865,3 m
Acts,5,1026,4 m
Acts,6,355,1 m
Acts,7,1430,6 m
Acts,8,883,4 m
Acts,9,1046,4 m
Acts,10,1108,4 m
Acts,11,667,3 m
Acts,12,662,3 m
Acts,13,1272,5 m
Acts,14,627,3 m
Acts,15,925,4 m
Acts,16,943,4 m
Acts,17,855,3 m
Acts,18,664,3 m
Acts,19,975,4 m
Acts,20,882,4 m
Acts,21,1067,4 m
Acts,22,773,3 m
Acts,23,921,4 m
Acts,24,640,3 m
Acts,25,711,3 m
Acts,26,781,3 m
Acts,27,1033,4 m
Acts,28,818,3 m
Romans,1,714,3 m
Romans,2,604,2 m
Romans,3,562,2 m
Romans,4,546,2 m
Romans,5,480,2 m
Romans,6,484,2 m
Romans,7,605,2 m
Romans,8,903,4 m
Romans,9,719,3 m
Romans,10,461,2 m
Romans,11,818,3 m
Romans,12,397,2 m
Romans,13,361,1 m
Romans,14,525,2 m
Romans,15,742,3 m
Romans,16,517,2 m
1 Corinthians,1,649,3 m
1 Corinthians,2,373,2 m
1 Corinthians,3,459,2 m
1 Corinthians,4,509,2 m
1 Corinthians,5,321,1 m
1 Corinthians,6,465,2 m
1 Corinthians,7,959,4 m
1 Corinthians,8,309,1 m
1 Corinthians,9,671,3 m
1 Corinthians,10,667,3 m
1 Corinthians,11,718,3 m
1 Corinthians,12,593,2 m
1 Corinthians,13,270,1 m
1 Corinthians,14,887,4 m
1 Corinthians,15,1166,5 m
1 Corinthians,16,464,2 m
2 Corinthians,1,591,2 m
2 Corinthians,2,401,2 m
2 Corinthians,3,389,2 m
2 Corinthians,4,406,2 m
2 Corinthians,5,487,2 m
2 Corinthians,6,357,1 m
2 Corinthians,7,452,2 m
2 Corinthians,8,568,2 m
2 Corinthians,9,355,1 m
2 Corinthians,10,437,2 m
2 Corinthians,11,718,3 m
2 Corinthians,12,589,2 m
2 Corinthians,13,333,1 m
Galatians,1,453,2 m
Galatians,2,573,2 m
Galatians,3,648,3 m
Galatians,4,610,2 m
Galatians,5,447,2 m
Galatians,6,359,1 m
Ephesians,1,508,2 m
Ephesians,2,453,2 m
Ephesians,3,410,2 m
Ephesians,4,617,2 m
Ephesians,5,564,2 m
Ephesians,6,478,2 m
Phillipians,1,2185,9 m
Phillipians,2,2186,9 m
Phillipians,3,2186,9 m
Phillipians,4,2184,9 m
Colossians,1,656,3 m
Colossians,2,503,2 m
Colossians,3,457,2 m
Colossians,4,372,1 m
1 Thessalonians,1,253,1 m
1 Thessalonians,2,479,2 m
1 Thessalonians,3,295,1 m
1 Thessalonians,4,396,2 m
1 Thessalonians,5,424,2 m
2 Thessalonians,1,291,1 m
2 Thessalonians,2,381,2 m
2 Thessalonians,3,360,1 m
1 Timothy,1,432,2 m
1 Timothy,2,247,1 m
1 Timothy,3,324,1 m
1 Timothy,4,310,1 m
1 Timothy,5,470,2 m
1 Timothy,6,477,2 m
2 Timothy,1,438,2 m
2 Timothy,2,506,2 m
2 Timothy,3,297,1 m
2 Timothy,4,453,2 m
Titus,1,337,1 m
Titus,2,265,1 m
Titus,3,313,1 m
Philemon,1,439,2 m
Hebrews,1,338,1 m
Hebrews,2,472,2 m
Hebrews,3,362,1 m
Hebrews,4,404,2 m
Hebrews,5,321,1 m
Hebrews,6,425,2 m
Hebrews,7,607,2 m
Hebrews,8,387,2 m
Hebrews,9,678,3 m
Hebrews,10,784,3 m
Hebrews,11,922,4 m
Hebrews,12,696,3 m
Hebrews,13,509,2 m
James,1,544,2 m
James,2,528,2 m
James,3,378,2 m
James,4,369,1 m
James,5,485,2 m
1 Peter,1,597,2 m
1 Peter,2,549,2 m
1 Peter,3,551,2 m
1 Peter,4,479,2 m
1 Peter,5,300,1 m
2 Peter,1,488,2 m
2 Peter,2,581,2 m
2 Peter,3,484,2 m
1 John,1,247,1 m
1 John,2,736,3 m
1 John,3,534,2 m
1 John,4,480,2 m
1 John,5,520,2 m
2 John,1,298,1 m
3 John,1,294,1 m
Jude,1,608,2 m
Revelation,1,592,2 m
Revelation,2,802,3 m
Revelation,3,658,3 m
Revelation,4,348,1 m
Revelation,5,435,2 m
Revelation,6,540,2 m
Revelation,7,491,2 m
Revelation,8,397,2 m
Revelation,9,592,2 m
Revelation,10,353,1 m
Revelation,11,580,2 m
Revelation,12,497,2 m
Revelation,13,538,2 m
Revelation,14,651,3 m
Revelation,15,252,1 m
Revelation,16,567,2 m
Revelation,17,522,2 m
Revelation,18,747,3 m
Revelation,19,634,3 m
Revelation,20,477,2 m
Revelation,21,749,3 m
Revelation,22,573,2 m
